{
  "10035922": {
    "主诉": "阵发性咳嗽，偶有痰，食欲不振。",
    "现病史": "阵发性咳嗽，偶有痰，食欲不振。",
    "辅助检查": "阵发性咳嗽，偶有痰，食欲不振。",
    "既往史": "阵发性咳嗽，偶有痰，食欲不振。",
    "诊断": "阵发性咳嗽，偶有痰，食欲不振。",
    "建议": "阵发性咳嗽，偶有痰，食欲不振。"
  },
  "10708561": {
    "主诉": "大便频繁，肚子响。",
    "现病史": "大便频繁，肚子响。",
    "辅助检查": "大便频繁，肚子响。",
    "既往史": "大便频繁，肚子响。",
    "诊断": "大便频繁，肚子响。",
    "建议": "大便频繁，肚子响。"
  }
}
