[{"脐周疼痛": 0, "功能性便秘": 1, "胆红素高": 2, "眼上翻": 3, "母乳性腹泻": 4, "佝偻病": 5, "气管痉挛": 6, "痉挛": 7, "眼窝凹陷": 8, "消化道出血": 9, "青光眼": 10, "胆道闭锁": 11, "咳喘": 12, "紫绀": 13, "胃胀": 14, "感染性黄疸": 15, "半乳糖血症": 16, "脱水": 17, "呛奶": 18, "胰腺炎": 19, "支原体感染": 20, "硬块": 21, "咳血": 22, "下呼吸道感染": 23, "痤疮": 24, "咽喉不适": 25, "颅内压升高": 26, "干呕": 27, "肌张力低下": 28, "细菌感染": 29, "充血": 30, "咽部不适": 31, "尿液异常": 32, "狂犬病": 33, "扁桃体炎": 34, "胎膜早破": 35, "咽峡炎": 36, "过敏性紫癜": 37, "睡眠障碍": 38, "鼻炎": 39, "卤门高": 40, "上呼吸道感染": 41, "心率增快": 42, "消化不良": 43, "昏迷": 44, "母乳性黄疸": 45, "营养不良": 46, "衣原体感染": 47, "嗓子沙哑": 48, "脑膜炎": 49, "呼吸衰竭": 50, "乳汁异常": 51, "口周发青": 52, "中等度热": 53, "脱发": 54, "痔疮": 55, "百日咳": 56, "皮炎": 57, "心肌炎": 58, "泪囊炎": 59, "大便粘液": 60, "蛙型腹": 61, "脑损伤": 62, "晕厥": 63, "尿频尿急": 64, "鼻痒": 65, "性早熟": 66, "腹压增高": 67, "鼻流涕": 68, "甲状腺功能亢进症": 69, "血栓": 70, "高热": 71, "凝血功能障碍": 72, "中毒性脑病": 73, "炎症": 74, "淋巴结炎": 75, "高血压": 76, "呼吸困难": 77, "喉骨软化": 78, "腿纹不对称": 79, "鼻窦炎": 80, "口唇发白": 81, "交叉感染": 82, "脓胸": 83, "发黄": 84, "脐疝": 85, "腹部不适": 86, "川崎病": 87, "红斑": 88, "睾丸炎": 89, "发热": 90, "脱位": 91, "肠粘膜受损": 92, "缺氧": 93, "高胆红素血症": 94, "新生儿肺炎": 95, "病毒性脑炎": 96, "超高热": 97, "颅内感染": 98, "情绪异常": 99, "退热": 100, "卤门凹陷": 101, "痘印": 102, "甲状腺功能减退": 103, "感冒": 104, "疝气": 105, "手足口病": 106, "肺不张": 107, "畏寒": 108, "盗汗": 109, "肺纹理增粗": 110, "息肉": 111, "发黑": 112, "肝炎病毒感染": 113, "血液疾病": 114, "肿块": 115, "脓血便": 116, "白血病": 117, "痰鸣音": 118, "羊水污染": 119, "喘鸣": 120, "支气管哮喘": 121, "病毒性角膜炎": 122, "喘息": 123, "糊状便": 124, "感染": 125, "蚕豆病": 126, "关节疼痛": 127, "积食": 128, "三凹征": 129, "哮喘": 130, "舌苔发白": 131, "嘴呼吸": 132, "高原反应": 133, "眼睛分泌物异常": 134, "枕秃": 135, "窒息": 136, "溃疡": 137, "肠绞痛": 138, "喷射性呕吐": 139, "头颅外伤": 140, "缺铁": 141, "急性喉气管支气管炎": 142, "肠鸣音": 143, "低热": 144, "心脏病": 145, "缺锌": 146, "扁桃体肥大": 147, "泡沫便": 148, "巩膜黄染": 149, "难产": 150, "尿痛": 151, "喉支气管炎": 152, "呕吐": 153, "电解质紊乱": 154, "喉软管发育不良": 155, "肾积水": 156, "荨麻疹": 157, "鼻塞": 158, "低血压": 159, "尿黄": 160, "颅内出血": 161, "艾滋病": 162, "幼儿急疹": 163, "脚气": 164, "便秘": 165, "头晕": 166, "阑尾炎": 167, "过敏": 168, "黄疸性肝炎": 169, "梗阻性黄疸": 170, "热惊厥": 171, "低血糖": 172, "肺结核": 173, "喘息性支气管炎": 174, "咳嗽": 175, "支气管炎": 176, "发红": 177, "腹痛": 178, "畏光": 179, "类百日咳综合征": 180, "尿液浑浊": 181, "出血点": 182, "接触性皮炎": 183, "食欲不振": 184, "脐带绕颈": 185, "肺炎": 186, "麻疹": 187, "气管支气管异物": 188, "疱疹": 189, "舌乳头肿大": 190, "嗜睡": 191, "生长发育异常": 192, "病毒性皮疹": 193, "发炎": 194, "肠胃型感冒": 195, "肛门疼痛": 196, "皮肤黄": 197, "肛裂": 198, "心肌损伤": 199, "急性肾炎": 200, "肌肉酸痛": 201, "磨牙症": 202, "稀便": 203, "直肠腺瘤": 204, "核黄疸": 205, "反胃": 206, "肾炎": 207, "口唇干燥": 208, "血管破裂": 209, "支气管粘膜损伤": 210, "肺气肿": 211, "癫痫": 212, "心悸": 213, "肛门红肿": 214, "杨梅舌": 215, "流涎": 216, "湿疹": 217, "咳痰": 218, "失声": 219, "胸腔积液": 220, "地图舌": 221, "尿路感染": 222, "大便干燥": 223, "口唇发绀": 224, "急性胃肠炎": 225, "鞘膜积液": 226, "宫颈糜烂": 227, "心力衰竭": 228, "打鼾": 229, "啰音": 230, "乙肝": 231, "粥样便": 232, "血小板减少症": 233, "头痛": 234, "呼吸急促": 235, "牙痛": 236, "甲床发白": 237, "血便": 238, "扭伤": 239, "脑炎": 240, "幽门梗阻": 241, "惊厥": 242, "咯血": 243, "寄生虫感染": 244, "脱肛": 245, "呼吸道感染": 246, "烦躁": 247, "过敏体质": 248, "乳糖不耐受": 249, "皮屑": 250, "肺热": 251, "过敏性咳嗽": 252, "臭味": 253, "口腔溃疡": 254, "恐水": 255, "血糖异常": 256, "流泪": 257, "脑病": 258, "粗糙呼吸音": 259, "糖尿病": 260, "胆汁淤积": 261, "咽喉痛": 262, "疼痛": 263, "面色苍白": 264, "粗呼吸音": 265, "腺样体肥大": 266, "房间隔缺损": 267, "皮肤干燥": 268, "水样便": 269, "右腿肿胀": 270, "肺炎喘嗽": 271, "脑神经损伤": 272, "皮疹": 273, "四肢厥冷": 274, "抽搐": 275, "肠梗阻": 276, "便隐血": 277, "尿量增多": 278, "卵圆孔未闭": 279, "胃溃疡": 280, "贫血": 281, "乳腺炎": 282, "黄疸": 283, "尿量减少": 284, "中暑": 285, "肺纹理增多": 286, "舌麻": 287, "舌苔厚黄": 288, "早产": 289, "出汗": 290, "血小板增高症": 291, "脓毒症": 292, "单核细胞增多症": 293, "骨髓抑制": 294, "鹅口疮": 295, "行为异常": 296, "低温": 297, "脓肿": 298, "腹胀": 299, "气道高": 300, "脾胃功能不调": 301, "宫内感染": 302, "地中海贫血": 303, "精神软": 304, "肺部感染": 305, "喘憋性肺炎": 306, "器官异常": 307, "胆道梗阻": 308, "寒战": 309, "先天性肠道闭锁": 310, "吞咽困难": 311, "喉水肿": 312, "过敏性支气管炎": 313, "皮肤不完整": 314, "肠炎": 315, "室间隔缺损": 316, "血肿": 317, "缺钙": 318, "蛋花汤样便": 319, "牙龈炎": 320, "淋巴结肠炎": 321, "过敏性哮喘": 322, "乏力": 323, "绿便": 324, "滑膜炎": 325, "先天性脑发育不良": 326, "肌肉痉挛": 327, "皮肤渗液": 328, "眩晕": 329, "胆红素脑病": 330, "溶血性黄疸": 331, "口吐白沫": 332, "脚痛": 333, "咽喉炎": 334, "支气管肺炎": 335, "肠套叠": 336, "舌苔发黑": 337, "先天性髋关节发育不良": 338, "肠痉挛": 339, "阻塞性黄疸": 340, "中耳炎": 341, "胸膜炎": 342, "淋巴管瘤": 343, "肾病综合征": 344, "气管支气管狭窄": 345, "慢性支气管炎": 346, "水肿": 347, "风湿性关节炎": 348, "腹泻": 349, "喘憋": 350, "体重减轻": 351, "菌群失调": 352, "口苦": 353, "水痘": 354, "气胸": 355, "结缔组织病": 356, "肌张力增高": 357, "血管瘤": 358, "陶土便": 359, "弓形体感染": 360, "鼻粘膜损伤": 361, "大便性状异常": 362, "脑出血": 363, "痰": 364, "气管炎": 365, "气喘": 366, "胸痛": 367, "吐舌头": 368, "禽流感": 369, "溶血性黄胆": 370, "生理性黄疸": 371, "肺炎支原体肺炎": 372, "血尿": 373, "虚脱": 374, "屁": 375, "鼻流血": 376, "淋巴结肿大": 377, "青铜症": 378, "肠管胀气": 379, "细菌性肠炎": 380, "四肢疼痛": 381, "急性上呼吸道感染": 382, "EB病毒感染": 383, "肝功能异常": 384, "呛": 385, "病毒感染": 386, "痒": 387, "过敏性皮疹": 388, "脑脊液鼻漏": 389, "溶血": 390, "迟钝": 391, "紫癜": 392, "败血症": 393, "高乳酸血症": 394, "结膜炎": 395, "哭闹": 396, "呃逆": 397, "水泡": 398, "轮状病毒感染": 399, "中毒": 400, "预激综合征": 401, "声音嘶哑": 402, "上火": 403, "胃食管反流": 404, "低钙血症": 405, "胃肠道炎症": 406, "恶心": 407, "风疹": 408, "支原体肺炎": 409, "病理性黄疸": 410, "脐带感染": 411, "肺部杂音": 412, "眼发黄": 413, "腰痛": 414, "斜视": 415, "黑便": 416, "皮肤弹性差": 417, "干咳": 418, "新生儿黄疸": 419, "休克": 420, "免疫力低下": 421, "过敏性鼻炎": 422, "病毒性肠炎": 423, "视力异常": 424, "胸闷": 425, "胃肠功能紊乱": 426, "口臭": 427, "酸中毒": 428, "红肿": 429, "眼睛发红": 430, "痢疾": 431, "喷嚏": 432, "肝炎": 433, "流感": 434, "感染性心内膜炎": 435, "胎盘早剥": 436, "鼻后漏综合征": 437, "巨结肠": 438, "猩红热": 439, "大便酸臭": 440, "血液循环差": 441, "肝胆堵塞": 442, "听力损伤": 443}, {"0": "脐周疼痛", "1": "功能性便秘", "2": "胆红素高", "3": "眼上翻", "4": "母乳性腹泻", "5": "佝偻病", "6": "气管痉挛", "7": "痉挛", "8": "眼窝凹陷", "9": "消化道出血", "10": "青光眼", "11": "胆道闭锁", "12": "咳喘", "13": "紫绀", "14": "胃胀", "15": "感染性黄疸", "16": "半乳糖血症", "17": "脱水", "18": "呛奶", "19": "胰腺炎", "20": "支原体感染", "21": "硬块", "22": "咳血", "23": "下呼吸道感染", "24": "痤疮", "25": "咽喉不适", "26": "颅内压升高", "27": "干呕", "28": "肌张力低下", "29": "细菌感染", "30": "充血", "31": "咽部不适", "32": "尿液异常", "33": "狂犬病", "34": "扁桃体炎", "35": "胎膜早破", "36": "咽峡炎", "37": "过敏性紫癜", "38": "睡眠障碍", "39": "鼻炎", "40": "卤门高", "41": "上呼吸道感染", "42": "心率增快", "43": "消化不良", "44": "昏迷", "45": "母乳性黄疸", "46": "营养不良", "47": "衣原体感染", "48": "嗓子沙哑", "49": "脑膜炎", "50": "呼吸衰竭", "51": "乳汁异常", "52": "口周发青", "53": "中等度热", "54": "脱发", "55": "痔疮", "56": "百日咳", "57": "皮炎", "58": "心肌炎", "59": "泪囊炎", "60": "大便粘液", "61": "蛙型腹", "62": "脑损伤", "63": "晕厥", "64": "尿频尿急", "65": "鼻痒", "66": "性早熟", "67": "腹压增高", "68": "鼻流涕", "69": "甲状腺功能亢进症", "70": "血栓", "71": "高热", "72": "凝血功能障碍", "73": "中毒性脑病", "74": "炎症", "75": "淋巴结炎", "76": "高血压", "77": "呼吸困难", "78": "喉骨软化", "79": "腿纹不对称", "80": "鼻窦炎", "81": "口唇发白", "82": "交叉感染", "83": "脓胸", "84": "发黄", "85": "脐疝", "86": "腹部不适", "87": "川崎病", "88": "红斑", "89": "睾丸炎", "90": "发热", "91": "脱位", "92": "肠粘膜受损", "93": "缺氧", "94": "高胆红素血症", "95": "新生儿肺炎", "96": "病毒性脑炎", "97": "超高热", "98": "颅内感染", "99": "情绪异常", "100": "退热", "101": "卤门凹陷", "102": "痘印", "103": "甲状腺功能减退", "104": "感冒", "105": "疝气", "106": "手足口病", "107": "肺不张", "108": "畏寒", "109": "盗汗", "110": "肺纹理增粗", "111": "息肉", "112": "发黑", "113": "肝炎病毒感染", "114": "血液疾病", "115": "肿块", "116": "脓血便", "117": "白血病", "118": "痰鸣音", "119": "羊水污染", "120": "喘鸣", "121": "支气管哮喘", "122": "病毒性角膜炎", "123": "喘息", "124": "糊状便", "125": "感染", "126": "蚕豆病", "127": "关节疼痛", "128": "积食", "129": "三凹征", "130": "哮喘", "131": "舌苔发白", "132": "嘴呼吸", "133": "高原反应", "134": "眼睛分泌物异常", "135": "枕秃", "136": "窒息", "137": "溃疡", "138": "肠绞痛", "139": "喷射性呕吐", "140": "头颅外伤", "141": "缺铁", "142": "急性喉气管支气管炎", "143": "肠鸣音", "144": "低热", "145": "心脏病", "146": "缺锌", "147": "扁桃体肥大", "148": "泡沫便", "149": "巩膜黄染", "150": "难产", "151": "尿痛", "152": "喉支气管炎", "153": "呕吐", "154": "电解质紊乱", "155": "喉软管发育不良", "156": "肾积水", "157": "荨麻疹", "158": "鼻塞", "159": "低血压", "160": "尿黄", "161": "颅内出血", "162": "艾滋病", "163": "幼儿急疹", "164": "脚气", "165": "便秘", "166": "头晕", "167": "阑尾炎", "168": "过敏", "169": "黄疸性肝炎", "170": "梗阻性黄疸", "171": "热惊厥", "172": "低血糖", "173": "肺结核", "174": "喘息性支气管炎", "175": "咳嗽", "176": "支气管炎", "177": "发红", "178": "腹痛", "179": "畏光", "180": "类百日咳综合征", "181": "尿液浑浊", "182": "出血点", "183": "接触性皮炎", "184": "食欲不振", "185": "脐带绕颈", "186": "肺炎", "187": "麻疹", "188": "气管支气管异物", "189": "疱疹", "190": "舌乳头肿大", "191": "嗜睡", "192": "生长发育异常", "193": "病毒性皮疹", "194": "发炎", "195": "肠胃型感冒", "196": "肛门疼痛", "197": "皮肤黄", "198": "肛裂", "199": "心肌损伤", "200": "急性肾炎", "201": "肌肉酸痛", "202": "磨牙症", "203": "稀便", "204": "直肠腺瘤", "205": "核黄疸", "206": "反胃", "207": "肾炎", "208": "口唇干燥", "209": "血管破裂", "210": "支气管粘膜损伤", "211": "肺气肿", "212": "癫痫", "213": "心悸", "214": "肛门红肿", "215": "杨梅舌", "216": "流涎", "217": "湿疹", "218": "咳痰", "219": "失声", "220": "胸腔积液", "221": "地图舌", "222": "尿路感染", "223": "大便干燥", "224": "口唇发绀", "225": "急性胃肠炎", "226": "鞘膜积液", "227": "宫颈糜烂", "228": "心力衰竭", "229": "打鼾", "230": "啰音", "231": "乙肝", "232": "粥样便", "233": "血小板减少症", "234": "头痛", "235": "呼吸急促", "236": "牙痛", "237": "甲床发白", "238": "血便", "239": "扭伤", "240": "脑炎", "241": "幽门梗阻", "242": "惊厥", "243": "咯血", "244": "寄生虫感染", "245": "脱肛", "246": "呼吸道感染", "247": "烦躁", "248": "过敏体质", "249": "乳糖不耐受", "250": "皮屑", "251": "肺热", "252": "过敏性咳嗽", "253": "臭味", "254": "口腔溃疡", "255": "恐水", "256": "血糖异常", "257": "流泪", "258": "脑病", "259": "粗糙呼吸音", "260": "糖尿病", "261": "胆汁淤积", "262": "咽喉痛", "263": "疼痛", "264": "面色苍白", "265": "粗呼吸音", "266": "腺样体肥大", "267": "房间隔缺损", "268": "皮肤干燥", "269": "水样便", "270": "右腿肿胀", "271": "肺炎喘嗽", "272": "脑神经损伤", "273": "皮疹", "274": "四肢厥冷", "275": "抽搐", "276": "肠梗阻", "277": "便隐血", "278": "尿量增多", "279": "卵圆孔未闭", "280": "胃溃疡", "281": "贫血", "282": "乳腺炎", "283": "黄疸", "284": "尿量减少", "285": "中暑", "286": "肺纹理增多", "287": "舌麻", "288": "舌苔厚黄", "289": "早产", "290": "出汗", "291": "血小板增高症", "292": "脓毒症", "293": "单核细胞增多症", "294": "骨髓抑制", "295": "鹅口疮", "296": "行为异常", "297": "低温", "298": "脓肿", "299": "腹胀", "300": "气道高", "301": "脾胃功能不调", "302": "宫内感染", "303": "地中海贫血", "304": "精神软", "305": "肺部感染", "306": "喘憋性肺炎", "307": "器官异常", "308": "胆道梗阻", "309": "寒战", "310": "先天性肠道闭锁", "311": "吞咽困难", "312": "喉水肿", "313": "过敏性支气管炎", "314": "皮肤不完整", "315": "肠炎", "316": "室间隔缺损", "317": "血肿", "318": "缺钙", "319": "蛋花汤样便", "320": "牙龈炎", "321": "淋巴结肠炎", "322": "过敏性哮喘", "323": "乏力", "324": "绿便", "325": "滑膜炎", "326": "先天性脑发育不良", "327": "肌肉痉挛", "328": "皮肤渗液", "329": "眩晕", "330": "胆红素脑病", "331": "溶血性黄疸", "332": "口吐白沫", "333": "脚痛", "334": "咽喉炎", "335": "支气管肺炎", "336": "肠套叠", "337": "舌苔发黑", "338": "先天性髋关节发育不良", "339": "肠痉挛", "340": "阻塞性黄疸", "341": "中耳炎", "342": "胸膜炎", "343": "淋巴管瘤", "344": "肾病综合征", "345": "气管支气管狭窄", "346": "慢性支气管炎", "347": "水肿", "348": "风湿性关节炎", "349": "腹泻", "350": "喘憋", "351": "体重减轻", "352": "菌群失调", "353": "口苦", "354": "水痘", "355": "气胸", "356": "结缔组织病", "357": "肌张力增高", "358": "血管瘤", "359": "陶土便", "360": "弓形体感染", "361": "鼻粘膜损伤", "362": "大便性状异常", "363": "脑出血", "364": "痰", "365": "气管炎", "366": "气喘", "367": "胸痛", "368": "吐舌头", "369": "禽流感", "370": "溶血性黄胆", "371": "生理性黄疸", "372": "肺炎支原体肺炎", "373": "血尿", "374": "虚脱", "375": "屁", "376": "鼻流血", "377": "淋巴结肿大", "378": "青铜症", "379": "肠管胀气", "380": "细菌性肠炎", "381": "四肢疼痛", "382": "急性上呼吸道感染", "383": "EB病毒感染", "384": "肝功能异常", "385": "呛", "386": "病毒感染", "387": "痒", "388": "过敏性皮疹", "389": "脑脊液鼻漏", "390": "溶血", "391": "迟钝", "392": "紫癜", "393": "败血症", "394": "高乳酸血症", "395": "结膜炎", "396": "哭闹", "397": "呃逆", "398": "水泡", "399": "轮状病毒感染", "400": "中毒", "401": "预激综合征", "402": "声音嘶哑", "403": "上火", "404": "胃食管反流", "405": "低钙血症", "406": "胃肠道炎症", "407": "恶心", "408": "风疹", "409": "支原体肺炎", "410": "病理性黄疸", "411": "脐带感染", "412": "肺部杂音", "413": "眼发黄", "414": "腰痛", "415": "斜视", "416": "黑便", "417": "皮肤弹性差", "418": "干咳", "419": "新生儿黄疸", "420": "休克", "421": "免疫力低下", "422": "过敏性鼻炎", "423": "病毒性肠炎", "424": "视力异常", "425": "胸闷", "426": "胃肠功能紊乱", "427": "口臭", "428": "酸中毒", "429": "红肿", "430": "眼睛发红", "431": "痢疾", "432": "喷嚏", "433": "肝炎", "434": "流感", "435": "感染性心内膜炎", "436": "胎盘早剥", "437": "鼻后漏综合征", "438": "巨结肠", "439": "猩红热", "440": "大便酸臭", "441": "血液循环差", "442": "肝胆堵塞", "443": "听力损伤"}, {"PAD": 0, "O": 1, "B-Symptom": 2, "I-Symptom": 3}, {"0": "PAD", "1": "O", "2": "B-Symptom", "3": "I-Symptom"}, {"0": 0, "1": 1, "2": 2}, {"0": "0", "1": "1", "2": "2"}]